FID,X,Y,N1,D1,N2,D2,N3,D3
F0,11952191.43110,3416873.98455,F258,322.1882627929231,F1,537.8322160331685,F259,592.9268716437757
F1,11952136.30780,3416338.98463,F259,147.13889673845355,F258,226.58960552631336,F257,363.9648907815795
F2,11949974.32300,3411129.29230,F568,225.99003893337888,F4,617.9857504482468,F563,635.1631175903138
F3,11950691.45770,3411883.71205,F567,313.10215034221426,F569,559.1200827096575,F5,587.9614842056947
F4,11949468.46310,3411484.27420,F563,317.51412309782813,F565,494.7818509037822,F568,556.2750601530828
F5,11951193.99800,3411578.50400,F571,342.327120293003,F573,472.31653373089296,F3,587.9614842056947
F6,12045892.58780,3521173.77004,F355,355.9808200963642,F359,380.3221791270049,F388,722.1487501264238
F7,11991993.12380,3456521.85801,F553,286.46472285530086,F554,624.1745366846033,F555,731.1985380084259
F8,11993303.56630,3457273.10749,F12,532.2543143574599,F13,536.2445954542404,F9,740.1639998518904
F9,11993814.64010,3457808.50110,F458,387.21887432258814,F10,739.771623855142,F8,740.1639998518904
F10,11994328.40320,3458340.76939,F458,352.6163207831843,F9,739.771623855142,F11,779.5463962545152
F11,11995086.94760,3458520.49968,F459,566.7942392438875,F10,779.5463962545152,F458,1094.88838742058
F12,11992789.01320,3457136.98342,F13,339.31297390186927,F555,379.3153835407122,F8,532.2543143574599
F13,11992807.11030,3457475.81345,F12,339.31297390186927,F8,536.2445954542404,F555,713.5021599191363
F14,11997092.75530,3457960.40664,F462,253.5790305675466,F461,402.51841527322404,F160,523.3113205237169
F15,11998052.09980,3456904.15219,F16,352.5608951120565,F463,1122.5626606611117,F161,1285.9332937679012
F16,11997866.44800,3457203.87305,F15,352.5608951120565,F463,947.3285325364373,F161,958.5675308174011
F17,12040292.93000,3514997.97006,F305,300.34648051878753,F304,642.8762802581018,F306,643.30500153869
F18,12027706.53000,3521807.25007,F724,255.5800713061718,F731,371.2778354903827,F722,419.59422994709246
F19,12044515.01770,3493393.22947,F712,10963.742659333087,F769,13363.92998350521,F759,13461.042468144826
F20,12061267.18270,3504736.56571,F73,465.2903652770915,F793,488.98976068710164,F52,535.5523348451405
F21,12057554.09430,3511683.84184,F198,341.7501158095133,F199,603.2514541862516,F201,609.5528432738599
F22,12058366.91820,3504748.85604,F23,525.2981948241547,F94,874.5171652357194,F24,1022.3716863977774
F23,12057919.24060,3505023.67045,F24,497.0882245445551,F22,525.2981948241547,F94,845.0963044934598
F24,12057498.42220,3505288.26179,F23,497.0882245445551,F22,1022.3716863977774,F94,1079.7163715366564
F25,12060492.40640,3502333.84414,F40,557.6278398428781,F26,804.5089002505415,F50,1480.7168944270536
F26,12060142.29650,3501609.51160,F25,804.5089002505415,F29,936.3693352661802,F31,1138.0169656250976
F27,12059649.42120,3503573.78556,F28,718.0710784563339,F52,1477.7508413461915,F25,1499.359454051074
F28,12059073.90530,3503144.35859,F27,718.0710784563339,F25,1633.7316316823449,F22,1753.351883286803
F29,12060287.13780,3500684.41240,F31,561.0546473964506,F33,572.9200622529985,F26,936.3693352661802
F30,12059268.38780,3500020.52363,F32,414.961956080478,F31,706.9138090898501,F33,1168.1325621011083
F31,12059744.08240,3500543.44024,F29,561.0546473964506,F30,706.9138090898501,F33,802.0965982266678
F32,12059432.45710,3499639.37446,F30,414.961956080478,F31,956.2663134119455,F33,1112.8869774720079
F33,12060431.38390,3500129.94828,F29,572.9200622529985,F31,802.0965982266678,F34,852.474028310646
F34,12060670.76530,3499311.77439,F35,667.111650343612,F33,852.474028310646,F37,1196.808205472143
F35,12060757.66800,3498650.34724,F37,541.241189473105,F34,667.111650343612,F36,760.8072826284773
F36,12060110.00460,3498251.14824,F35,760.8072826284773,F37,868.3179642856666,F34,1199.7418025261204
F37,12060972.83880,3498153.71503,F35,541.241189473105,F38,612.2478509282647,F36,868.3179642856666
F38,12061265.65250,3497616.02779,F39,306.1110752616862,F37,612.2478509282647,F35,1152.3302377740806
F39,12061263.72870,3497309.92276,F38,306.1110752616862,F37,892.5258140997183,F35,1432.771865535156
F40,12060982.74560,3502599.39315,F25,557.6278398428781,F50,927.9625361836149,F767,1193.1716981573845
F41,12055941.66320,3511877.96809,F45,323.4702478306284,F44,469.6656356045505,F227,715.7957253112438
F42,12056051.15670,3512732.58548,F43,714.2617179014956,F41,861.602988523301,F188,867.3446743210235
F43,12055349.10660,3512601.07328,F44,600.048628636045,F223,652.1826245528904,F224,668.1721794332755
F44,12055493.56990,3512018.67418,F45,445.04562389674373,F41,469.6656356045505,F223,542.4532185264615
F45,12055724.50090,3511638.23170,F41,323.4702478306284,F44,445.04562389674373,F228,582.3518681664441
F46,12064891.32930,3499921.53728,F47,765.8441264910413,F48,1507.8577628906467,F49,2230.0279810547026
F47,12064281.11210,3500384.30309,F48,742.221901012486,F46,765.8441264910413,F49,1464.3870331614653
F48,12063704.95010,3500852.20340,F49,722.1825841721487,F47,742.221901012486,F766,1492.0116401282116
F49,12063139.92500,3501301.97481,F48,722.1825841721487,F766,773.802381574779,F47,1464.3870331614653
F50,12061713.72970,3503171.03702,F51,714.2783070974845,F767,812.087601222057,F40,927.9625361836149
F51,12061318.02220,3503765.68740,F52,690.2365115015017,F50,714.2783070974845,F53,948.3547150510957
F52,12060919.47670,3504329.23680,F20,535.5523348451405,F51,690.2365115015017,F793,722.9530844785999
F53,12061871.84620,3504535.52871,F54,167.15712738805226,F55,535.7319269065054,F20,637.20783391371
F54,12062012.38590,3504626.02787,F53,167.15712738805226,F55,398.59798314421056,F20,753.3567703029554
F55,12062406.63480,3504567.30686,F54,398.59798314421056,F53,535.7319269065054,F56,777.5056821106443
F56,12063165.69010,3504735.68185,F57,401.7611928725568,F55,777.5056821106443,F54,1158.5053185314339
F57,12063454.26460,3505015.21148,F56,401.7611928725568,F58,1038.3708536706215,F55,1139.3624298106618
F58,12064008.81340,3505893.10080,F59,401.3470915674497,F60,772.6869096513838,F267,999.4772007894794
F59,12063813.82000,3506243.89570,F58,401.3470915674497,F60,572.1097098644071,F267,647.5201557206967
F60,12064233.90410,3506632.27550,F790,527.539190838845,F59,572.1097098644071,F58,772.6869096513838
F61,12065207.46650,3508354.25697,F62,136.9360872720397,F315,400.78913881671326,F63,527.2057295334204
F62,12065073.52680,3508325.76752,F61,136.9360872720397,F315,441.75308172906426,F63,478.3905851330022
F63,12064868.35660,3508757.92807,F64,476.2889587386196,F62,478.3905851330022,F61,527.2057295334204
F64,12064418.99560,3508600.04880,F65,452.22740047882877,F63,476.2889587386196,F62,709.6769070010946
F65,12064322.42500,3508158.25276,F64,452.22740047882877,F66,469.1133407923308,F62,769.5551369322397
F66,12064037.43470,3507785.62982,F65,469.1133407923308,F67,766.2920773514971,F64,899.3703327294187
F67,12063409.87890,3507345.88300,F68,611.4479049212598,F66,766.2920773514971,F267,852.9618305185118
F68,12063003.20980,3506889.27728,F267,436.58100015485763,F67,611.4479049212598,F72,648.8673076347495
F69,12062263.90350,3506619.44941,F71,383.9611649079778,F70,432.25627171714535,F269,643.6814504961831
F70,12062073.98230,3506231.15130,F269,387.3987725700452,F69,432.25627171714535,F71,434.6169565162445
F71,12062500.09130,3506316.72594,F269,355.04655927045314,F69,383.9611649079778,F72,414.67370036254454
F72,12062908.91170,3506247.29858,F267,413.03139306412413,F71,414.67370036254454,F269,596.4045767806593
F73,12061237.72610,3505200.92272,F792,296.4652609706885,F793,375.35988626021805,F20,465.2903652770915
F74,12061162.27480,3505751.61355,F792,317.1617170340562,F794,459.14549200559304,F73,555.8356671871043
F75,12057849.69510,3514321.76340,F76,253.972889198732,F214,391.99561644484885,F86,538.9865244081351
F76,12058092.99940,3514248.92628,F75,253.972889198732,F78,328.6712403679744,F85,414.9459158090951
F77,12058326.84670,3513691.62917,F78,348.12955951563293,F81,420.8126746467791,F207,426.01704261494507
F78,12058346.08230,3514039.22690,F76,328.6712403679744,F77,348.12955951563293,F85,466.0375083481729
F79,12057551.39060,3513199.39951,F220,339.05283837084005,F84,372.07885457502425,F221,430.46847017825445
F80,12057098.61300,3513253.46633,F84,349.7965985403794,F82,437.50960831644664,F79,455.9942719886028
F81,12058112.29990,3513329.61677,F218,387.24728925306204,F77,420.8126746467791,F207,477.3191675603011
F82,12056733.08320,3513493.88809,F188,265.3612494810268,F80,437.50960831644664,F83,523.7572921777122
F83,12057010.72470,3513938.00170,F215,279.80319471278494,F82,523.7572921777122,F214,530.7476593515486
F84,12057274.35180,3512951.02041,F221,338.9195003860459,F80,349.7965985403794,F79,372.07885457502425
F85,12058424.39740,3514498.63707,F213,389.5833426400303,F76,414.9459158090951,F78,466.0375083481729
F86,12057349.94880,3514523.65473,F152,303.71394475076477,F214,383.35898728436837,F153,404.88614882921473
F87,12059998.74860,3505105.51051,F88,569.4756164248321,F793,896.1631541907958,F792,1127.183875109596
F88,12059531.30720,3505430.78119,F87,569.4756164248321,F93,737.5122215193284,F89,939.4833942414257
F89,12059941.87630,3506275.80312,F266,366.9123051590041,F90,487.68573340764567,F92,719.3287299047225
F90,12060020.08580,3506757.17683,F266,256.12652673967045,F89,487.68573340764567,F92,763.0134228003656
F91,12059238.30590,3507002.68880,F92,442.12796117590875,F266,686.5105678399398,F90,819.4241511309486
F92,12059282.25920,3506562.75103,F91,442.12796117590875,F266,526.4772119274729,F89,719.3287299047225
F93,12058855.69610,3505726.54109,F94,346.86533348263464,F95,732.0151523570029,F88,737.5122215193284
F94,12058529.68130,3505608.09317,F93,346.86533348263464,F95,587.7729657352351,F23,845.0963044934598
F95,12058237.04150,3506117.83723,F94,587.7729657352351,F96,725.4661431294224,F93,732.0151523570029
F96,12057785.22580,3506685.43189,F95,725.4661431294224,F97,736.1333072754293,F98,929.178574525786
F97,12057434.08150,3507332.41715,F760,488.6001441331516,F98,533.4011575436928,F96,736.1333072754293
F98,12057890.39030,3507608.64002,F97,533.4011575436928,F99,606.8479204020229,F760,866.8068185464616
F99,12058274.49740,3508078.45502,F98,606.8479204020229,F100,863.2495169175957,F97,1123.7755062508302
F100,12059137.20440,3508109.05503,F101,677.0925941597919,F99,863.2495169175957,F91,1110.97603402882
F101,12059810.77650,3508040.09847,F100,677.0925941597919,F102,707.8512407182038,F91,1184.880336267505
F102,12060492.05110,3508232.23982,F101,707.8512407182038,F103,726.7094899685213,F100,1360.4352513046272
F103,12061195.41090,3508414.97371,F757,692.7960100678465,F102,726.7094899685213,F104,831.6488931561793
F104,12062026.19990,3508377.16473,F757,312.891806279623,F103,831.6488931561793,F105,889.6948014065239
F105,12062794.20300,3508826.30622,F106,527.9237189051777,F104,889.6948014065239,F112,958.9890471632739
F106,12062572.96030,3509305.63400,F105,527.9237189051777,F112,713.2400736342854,F107,858.4944249369078
F107,12061715.84420,3509354.26186,F108,672.5017513883114,F757,730.1315989617015,F106,858.4944249369078
F108,12061313.88600,3509893.41695,F107,672.5017513883114,F109,874.9383267301781,F757,1366.7955469123676
F109,12061328.42800,3510768.23442,F108,874.9383267301781,F107,1466.086529662013,F110,1478.126753009215
F110,12062678.68050,3511369.63020,F111,825.52353082292,F109,1478.126753009215,F112,1723.9854895423227
F111,12062791.66950,3510551.87560,F110,825.52353082292,F112,914.8077461369377,F106,1265.287255817807
F112,12063157.99260,3509713.61514,F106,713.2400736342854,F111,914.8077461369377,F105,958.9890471632739
F113,12058806.76900,3512139.90556,F202,425.2018701688229,F114,492.44859211904344,F197,694.794596020756
F114,12058923.32680,3512618.36130,F202,229.62692052849465,F204,336.1831360459206,F113,492.44859211904344
F115,12059834.99140,3513483.44749,F116,315.83766656535056,F118,392.46972980760484,F117,502.5437966225894
F116,12060034.73180,3513728.10481,F117,188.5839728105957,F118,245.9347413366923,F115,315.83766656535056
F117,12060126.17680,3513893.03427,F116,188.5839728105957,F118,340.7968698970386,F115,502.5437966225894
F118,12060218.87610,3513565.08710,F116,245.9347413366923,F119,263.19026576693824,F117,340.7968698970386
F119,12060469.53770,3513484.85071,F118,263.19026576693824,F120,299.1686652687414,F121,349.63708209407855
F120,12060340.36700,3513215.00479,F121,252.41132177376363,F119,299.1686652687414,F118,370.5639790344708
F121,12060585.54730,3513155.02066,F120,252.41132177376363,F119,349.63708209407855,F122,424.65086359694885
F122,12061007.56580,3513107.81111,F123,181.8217799807248,F121,424.65086359694885,F119,656.9878966604753
F123,12061166.19280,3513018.94810,F122,181.8217799807248,F121,596.3765071293452,F119,838.0892377080261
F124,12042740.90050,3515065.45975,F125,660.9832587368005,F314,1023.4713087267571,F313,1191.096280054408
F125,12042310.86010,3515567.42003,F124,660.9832587368005,F126,741.8654283370581,F127,1248.0461813640372
F126,12041571.86970,3515502.17049,F127,614.11302733498,F125,741.8654283370581,F305,1081.3968381692096
F127,12041109.81360,3515906.69363,F126,614.11302733498,F128,647.242181663448,F305,1000.5024773878663
F128,12041097.55110,3516553.81964,F129,443.6189326895286,F127,647.242181663448,F130,705.2485231846246
F129,12041267.41070,3516963.63115,F128,443.6189326895286,F130,678.8063742723413,F127,1068.6223688056314
F130,12040593.79030,3517047.37869,F129,678.8063742723413,F128,705.2485231846246,F132,1171.6346513393792
F131,12039608.93760,3518007.78687,F384,405.5339539856777,F132,737.1997730434273,F369,864.6953776420761
F132,12039447.24340,3517288.53831,F131,737.1997730434273,F137,822.6061443916344,F384,883.2917974523183
F133,12039528.61760,3516131.86116,F136,526.6171253037542,F134,530.4600964859217,F137,716.8522701629819
F134,12039632.81260,3515611.73491,F133,530.4600964859217,F303,578.4904442005447,F135,686.2720430153818
F135,12038947.29690,3515579.52401,F136,571.7977378094163,F134,686.2720430153818,F303,765.0473934116721
F136,12039002.26890,3516148.67314,F137,456.28130805350037,F133,526.6171253037542,F135,571.7977378094163
F137,12038989.89820,3516604.78672,F136,456.28130805350037,F140,594.9415163812984,F133,716.8522701629819
F138,12038255.22740,3516061.39969,F139,437.67664329566674,F136,752.1221029843575,F135,843.3056170851431
F139,12038222.09000,3516497.82008,F138,437.67664329566674,F140,464.84884325115684,F141,726.1626890713712
F140,12038468.77390,3516891.81437,F139,464.84884325115684,F137,594.9415163812984,F374,687.6143782172902
F141,12037539.59300,3516745.83237,F142,389.8726910838473,F149,718.63891004918,F139,726.1626890713712
F142,12037328.94090,3517073.89701,F141,389.8726910838473,F149,425.8139064147567,F143,442.69593235943586
F143,12037083.91580,3517442.60067,F149,405.511400900584,F142,442.69593235943586,F144,562.5252424967923
F144,12036832.90780,3517946.01862,F145,549.7831801164002,F143,562.5252424967923,F146,667.1489797747471
F145,12036644.85300,3518462.63931,F550,532.3361889320051,F144,549.7831801164002,F377,650.6854531979668
F146,12036167.00880,3517986.83875,F147,644.6251584294763,F144,667.1489797747471,F145,674.3302250159082
F147,12036393.47130,3517383.30223,F148,505.667337571792,F149,593.3146486958157,F146,644.6251584294763
F148,12036492.99870,3516887.52632,F150,241.0055412015589,F149,452.9119820322681,F147,505.667337571792
F149,12036903.16520,3517079.60106,F143,405.511400900584,F142,425.8139064147567,F148,452.9119820322681
F150,12036606.49450,3516674.91782,F148,241.0055412015589,F151,482.9986284074912,F149,501.7788646161718
F151,12036750.24450,3516213.80654,F438,328.0743279983452,F150,482.9986284074912,F432,566.3515233218201
F152,12057322.51610,3514826.12722,F86,303.71394475076477,F153,333.1510123441563,F217,661.2505958457467
F153,12057002.88710,3514732.17564,F152,333.1510123441563,F217,353.68385040749706,F86,404.88614882921473
F154,12056303.50070,3514673.55535,F217,388.02522613909315,F216,501.8097480112632,F153,701.8387812764477
F155,11996384.43090,3464257.92291,F332,897.689224578687,F331,1051.7485826901047,F330,1166.5378705463183
F156,11996562.61200,3462790.72277,F333,786.1351982425193,F332,1256.262385128297,F334,1348.4719814387427
F157,11996665.50090,3461153.32086,F158,479.5094163625529,F336,1133.6552466769,F334,1278.113666999762
F158,11996696.75870,3460674.83133,F157,479.5094163625529,F336,718.296865085386,F159,983.8999013141264
F159,11996790.53310,3459695.41039,F336,592.7646151227526,F158,983.8999013141264,F268,984.0278358546196
F160,11997277.83920,3458449.89483,F338,251.43887500532475,F268,480.8195008189932,F462,502.5316128206128
F161,11997760.33630,3458156.54929,F160,564.6725222175543,F338,661.8602170662708,F14,695.7990591473016
F162,11999009.46800,3457796.18682,F465,542.016029905027,F463,591.1452844056164,F466,600.1682628752652
F163,12000256.59570,3457494.45416,F344,610.537786965799,F465,741.0996481251613,F466,876.2098512579438
F164,12001319.94730,3457893.54621,F165,430.950655480048,F168,691.2822053829822,F173,731.532618886267
F165,12001726.19910,3457749.74794,F164,430.950655480048,F168,491.4610202718017,F169,589.3434691134886
F166,12002759.14620,3457511.59979,F167,329.1109413169926,F169,569.223796799722,F175,630.3376384999103
F167,12002665.92330,3457195.96788,F175,302.60136274845934,F166,329.1109413169926,F174,474.2182918984858
F168,12001618.74820,3457270.17705,F173,157.01392395189652,F165,491.4610202718017,F169,596.5302329537327
F169,12002200.87860,3457400.45566,F174,405.12931874120886,F167,508.01754415360216,F166,569.223796799722
F170,12004860.68400,3457365.61157,F172,888.3736638882169,F177,1010.0580664007797,F178,1263.7712284695124
F171,12004988.82120,3458673.42916,F474,724.8727263109569,F472,981.0146446886255,F475,1202.69016630258
F172,12004705.30310,3456490.93189,F177,273.72372815078313,F179,647.8909941378727,F178,698.0406406207875
F173,12001488.96370,3457181.80649,F168,157.01392395189652,F165,615.4982742801586,F164,731.532618886267
F174,12002235.55110,3456996.81277,F175,316.7459767882117,F169,405.12931874120886,F167,474.2182918984858
F175,12002542.73590,3456919.57604,F167,302.60136274845934,F174,316.7459767882117,F169,590.0098494894916
F176,12003784.77600,3456607.92312,F177,668.8780534442462,F172,927.9316191017665,F167,1263.9731025864864
F177,12004434.69040,3456449.78039,F172,273.72372815078313,F176,668.8780534442462,F179,769.8733549401085
F178,12005337.65190,3456195.30420,F179,465.5307999399076,F172,698.0406406207875,F177,938.1351724349013
F179,12004975.92330,3455902.26607,F178,465.5307999399076,F172,647.8909941378727,F477,758.3733056052939
F180,12006233.22290,3455630.61143,F187,338.45742694876145,F181,495.67711805596855,F178,1058.7376164701318
F181,12006118.32880,3455148.43392,F180,495.67711805596855,F187,831.4409002927639,F477,1120.817095661697
F182,12007853.19470,3455578.96619,F183,865.3502608462292,F195,1161.9888369085922,F180,1620.7948246506191
F183,12008666.35030,3455282.97794,F182,865.3502608462292,F195,866.2654489689417,F194,1768.2424828225378
F184,12007969.94780,3451455.19655,F185,365.3785120777209,F186,377.50868471685834,F191,578.1918048481068
F185,12008219.52180,3451722.05658,F184,365.3785120777209,F193,618.7169614140956,F186,650.6535158222549
F186,12008065.33180,3451089.93678,F184,377.50868471685834,F191,386.48445441655645,F192,590.66462360685
F187,12006256.96500,3455968.23510,F180,338.45742694876145,F181,831.4409002927639,F178,946.9408387035221
F188,12056467.72250,3513493.34807,F82,265.3612494810268,F189,465.7393827479603,F215,657.9566534637725
F189,12056036.02880,3513668.14430,F190,438.88018150144507,F188,465.7393827479603,F216,674.3900007105408
F190,12055802.45740,3514039.70885,F189,438.88018150144507,F216,672.1559694075097,F154,807.9639682795723
F191,12007709.55720,3450938.95775,F192,224.3953164504383,F186,386.48445441655645,F184,578.1918048481068
F192,12007487.18140,3450968.99542,F191,224.3953164504383,F186,590.66462360685,F184,685.1678157811116
F193,12008191.08380,3452340.11965,F185,618.7169614140956,F184,912.1348712823105,F186,1256.4914539877398
F194,12008024.75570,3453635.24075,F195,907.0394686927514,F193,1305.7579027197014,F183,1768.2424828225378
F195,12008290.60130,3454502.44702,F183,866.2654489689417,F194,907.0394686927514,F182,1161.9888369085922
F196,12059333.54060,3512959.09126,F114,533.26566301625,F197,543.8885582484365,F202,557.3720927164939
F197,12059440.04790,3512425.73307,F202,353.3215232976047,F196,543.8885582484365,F114,551.458366677664
F198,12057891.73340,3511630.99319,F199,266.2108193648007,F21,341.7501158095133,F201,492.57630560944204
F199,12058136.26970,3511525.77818,F198,266.2108193648007,F21,603.2514541862516,F201,607.8294701107386
F200,12057067.82100,3511173.80152,F225,377.02616455261744,F226,584.9411277274663,F229,589.3306736437062
F201,12057985.39010,3512114.58376,F198,492.57630560944204,F219,517.8057399420746,F199,607.8294701107386
F202,12059088.25760,3512458.59161,F114,229.62692052849465,F197,353.3215232976047,F113,425.2018701688229
F203,12059320.95500,3513549.90176,F212,332.1562963221007,F208,394.3082686677563,F211,517.1165373540363
F204,12058722.53460,3512887.99363,F205,263.2151459864535,F114,336.1831360459206,F206,380.653159380573
F205,12058532.73350,3513070.36072,F204,263.2151459864535,F206,287.4356779958369,F207,290.8613972553823
F206,12058741.26290,3513268.18579,F207,175.72821686904715,F208,263.13444916243884,F205,287.4356779958369
F207,12058588.90330,3513355.74696,F206,175.72821686904715,F205,290.8613972553823,F208,363.45743861012767
F208,12058943.18240,3513436.91117,F206,263.13444916243884,F209,347.8671284228195,F207,363.45743861012767
F209,12058810.14300,3513758.33310,F210,187.60652782421803,F208,347.8671284228195,F211,417.11492809148143
F210,12058876.56220,3513933.78879,F209,187.60652782421803,F211,268.2501111650064,F212,367.6463752975825
F211,12059127.21260,3514029.35290,F212,193.16928262231315,F210,268.2501111650064,F209,417.11492809148143
F212,12059238.94040,3513871.77349,F211,193.16928262231315,F203,332.1562963221007,F210,367.6463752975825
F213,12058172.75880,3514796.04789,F85,389.5833426400303,F76,552.9047097084341,F75,573.8605507543865
F214,12057489.68570,3514166.67054,F86,383.35898728436837,F75,391.99561644484885,F83,530.7476593515486
F215,12056768.70940,3514078.42400,F83,279.80319471278494,F216,333.6586951140271,F82,585.6205735850343
F216,12056456.29240,3514195.57238,F215,333.6586951140271,F154,501.8097480112632,F83,611.3410099759075
F217,12056661.26970,3514823.77159,F153,353.68385040749706,F154,388.02522613909315,F216,660.7949310943363
F218,12058166.68960,3512946.20808,F205,386.5255680368913,F81,387.24728925306204,F219,448.9995512384397
F219,12057861.09600,3512617.25041,F220,320.4071723483794,F221,336.95311229262813,F218,448.9995512384397
F220,12057706.86540,3512898.09499,F221,195.32805774764856,F219,320.4071723483794,F79,339.05283837084005
F221,12057560.25940,3512769.02241,F220,195.32805774764856,F219,336.95311229262813,F84,338.9195003860459
F222,12054626.17010,3512090.33381,F224,323.19653574658133,F223,328.7251328080523,F44,870.3548216750629
F223,12054954.77930,3512081.60417,F222,328.7251328080523,F224,402.5572798806998,F44,542.4532185264615
F224,12054711.23720,3512402.13437,F222,323.19653574658133,F223,402.5572798806998,F43,668.1721794332755
F225,12056712.49230,3511299.85803,F226,245.77862049216273,F200,377.02616455261744,F229,421.7109561709695
F226,12056483.96430,3511209.40316,F227,205.14071155088183,F225,245.77862049216273,F229,298.3136162146982
F227,12056282.59980,3511248.58287,F226,205.14071155088183,F228,407.5420538559592,F796,418.2533250660808
F228,12055908.95200,3511085.86272,F796,323.61642691561724,F227,407.5420538559592,F45,582.3518681664441
F229,12056537.86900,3510916.00020,F226,298.3136162146982,F230,324.39315512129167,F795,325.45800943413485
F230,12056529.56100,3510591.71345,F795,148.25740531055712,F229,324.39315512129167,F796,473.3271674302944
F231,12056383.56450,3510033.89632,F230,576.6063896057344,F795,594.3261139907264,F232,658.5866542563645
F232,12056323.56730,3509378.04823,F231,658.5866542563645,F230,1231.0226117657937,F795,1251.7211175150076
F233,12056515.75360,3507787.83454,F760,542.3862936141306,F765,735.9474966118618,F97,1025.0517699281033
F234,12021522.17130,3517735.06104,F235,80.72779210138722,F236,671.9539049979763,F237,1608.6174482027102
F235,12021583.62950,3517682.71731,F234,80.72779210138722,F236,673.3803954056768,F237,1606.6490755433365
F236,12021979.15340,3518227.69621,F234,671.9539049979763,F235,673.3803954056768,F237,936.6925261787335
F237,12022624.49000,3518906.61709,F238,798.1060761039735,F236,936.6925261787335,F239,1201.7980775466563
F238,12023329.66380,3519280.38603,F239,411.8292651379608,F240,740.084141279792,F237,798.1060761039735
F239,12023635.90170,3519555.74342,F240,342.08626144110787,F238,411.8292651379608,F241,914.1328420907598
F240,12023957.60020,3519672.07521,F239,342.08626144110787,F241,572.4829890994355,F244,653.9152527549177
F241,12024507.28870,3519832.01059,F242,377.82033771143267,F243,436.89234193329156,F244,493.6309718229081
F242,12024678.29100,3519495.10345,F241,377.82033771143267,F704,434.18433032687193,F240,742.1012282985038
F243,12024537.64590,3520267.84698,F244,284.59699429156956,F245,298.0056981354535,F241,436.89234193329156
F244,12024253.32560,3520255.30042,F243,284.59699429156956,F241,493.6309718229081,F245,558.6308534736993
F245,12024780.19070,3520440.99263,F243,298.0056981354535,F244,558.6308534736993,F241,667.3339693490241
F246,12024291.73930,3521039.05673,F247,276.5031648978779,F250,294.1517975109872,F248,379.48564604102825
F247,12024552.35230,3521131.44106,F246,276.5031648978779,F251,315.06454142550854,F248,467.30687690653457
F248,12024168.51120,3521397.97760,F249,247.1406582877537,F251,287.082971102485,F246,379.48564604102825
F249,12023957.09950,3521269.97917,F248,247.1406582877537,F250,404.09801092146574,F246,406.58205695668886
F250,12024046.92350,3520875.99078,F246,294.1517975109872,F249,404.09801092146574,F248,535.9606413205711
F251,12024453.72650,3521430.67110,F248,287.082971102485,F247,315.06454142550854,F246,423.79436965916426
F252,11977320.21450,3437713.71354,F756,6697.09727703615,F755,12889.623578568546,F254,13381.614450637691
F253,11960319.70220,3433680.22259,F255,9882.835500528305,F254,12328.221317183968,F256,14770.143525605006
F254,11965892.91180,3444676.78458,F253,12328.221317183968,F252,13381.614450637691,F756,18802.27830328995
F255,11957013.61430,3424366.77960,F0,8910.41124054681,F258,9218.53098587247,F259,9367.537092552728
F256,11967435.32480,3420737.07557,F265,4603.590511830764,F255,11035.705735983105,F253,14770.143525605006
F257,11952314.99410,3416021.90160,F259,268.0877523574609,F1,363.9648907815795,F258,580.6773843774525
F258,11952105.49260,3416563.46909,F1,226.58960552631336,F0,322.1882627929231,F259,323.87108073251574
F259,11952273.88920,3416286.81938,F1,147.13889673845355,F257,268.0877523574609,F258,323.87108073251574
F260,11950412.03400,3414264.41037,F262,552.8313833210053,F261,563.7664818570961,F391,677.0382187066381
F261,11949960.91450,3413926.29228,F262,543.2487854697147,F260,563.7664818570961,F556,820.7224357781611
F262,11950460.85480,3413713.73890,F261,543.2487854697147,F260,552.8313833210053,F391,766.696829947881
F263,11949615.53300,3413067.31106,F556,118.75609008205207,F557,771.1723815369476,F261,925.8169996575773
F264,11948232.15980,3412223.43643,F558,251.36188433528983,F559,412.60115642994157,F561,669.833999861828
F265,11971815.61720,3422153.43855,F256,4603.590511830764,F756,11616.591626355375,F255,14966.568359354886
F266,12059805.97340,3506616.61838,F90,256.12652673967045,F89,366.9123051590041,F92,526.4772119274729
F267,12063224.96190,3506513.20684,F72,413.03139306412413,F68,436.58100015485763,F59,647.5201557206967
F268,11996876.82200,3458715.17317,F160,480.8195008189932,F338,487.57548597015136,F461,534.6124975662211
F269,12062373.22480,3505985.11932,F71,355.04655927045314,F70,387.3987725700452,F72,596.4045767806593
F270,12049327.72730,3508184.33965,F271,1735.741855027523,F272,1865.2511283630267,F761,2303.288519453971
F271,12050931.42350,3507520.29275,F272,377.2999624395137,F761,1328.5816607020165,F270,1735.741855027523
F272,12050877.79860,3507146.82303,F271,377.2999624395137,F761,1686.4629180789348,F270,1865.2511283630267
F273,12052339.17960,3508850.28944,F762,204.57353199852733,F276,684.949295789034,F763,761.2859964360476
F274,12052864.51050,3509428.99104,F275,401.02673238695223,F273,781.5805117440574,F276,807.6486137049114
F275,12053247.45430,3509309.92599,F274,401.02673238695223,F276,726.9514089489572,F763,892.8370842608435
F276,12052988.02370,3508630.84270,F763,175.78884295007475,F277,571.6893367856565,F762,683.8243000256523
F277,12053527.26050,3508440.96808,F764,270.4270615483905,F763,537.6102051590406,F276,571.6893367856565
F278,12054330.60670,3507976.21146,F279,594.1216026543103,F764,693.7299281350585,F277,928.0968876610755
F279,12054889.40150,3507774.39756,F278,594.1216026543103,F765,890.5904989619266,F764,1287.8369153946044
F280,12042050.96620,3506834.68192,F772,463.7435403063046,F759,518.4817808982374,F281,723.964434355157
F281,12041710.82550,3507473.76627,F753,310.1402127283312,F282,656.0414086370371,F280,723.964434355157
F282,12041351.39280,3508022.58178,F281,656.0414086370371,F753,780.3148772876657,F283,793.8584032919285
F283,12040867.33570,3508651.78754,F284,676.2834332920218,F282,793.8584032919285,F281,1448.8647815711415
F284,12040451.58820,3509185.18542,F283,676.2834332920218,F285,837.6819931365605,F282,1470.1345319129111
F285,12039933.40030,3509843.35897,F286,736.1763208039771,F284,837.6819931365605,F287,1257.694077702237
F286,12039462.60560,3510409.31650,F287,542.0538605162958,F285,736.1763208039771,F288,1305.710798736536
F287,12038990.50840,3510675.67457,F286,542.0538605162958,F288,1230.7040625340237,F285,1257.694077702237
F288,12038470.79030,3509560.09150,F289,1006.7678953893428,F290,1139.2994317461603,F287,1230.7040625340237
F289,12038157.17280,3508603.41723,F290,318.95438641554625,F288,1006.7678953893428,F285,2166.203972470664
F290,12038419.47220,3508421.94843,F289,318.95438641554625,F288,1139.2994317461603,F285,2076.628569386083
F291,12037648.71490,3513609.02795,F450,454.1469060539174,F448,649.3736360898328,F293,738.6972099065327
F292,12038552.24160,3513362.86801,F293,393.9067169324408,F296,489.6440739767525,F294,631.8061781537972
F293,12038379.49690,3513716.87616,F294,240.39273072862485,F292,393.9067169324408,F296,633.3281947913787
F294,12038315.11310,3513948.48659,F293,240.39273072862485,F292,631.8061781537972,F295,676.7121355344652
F295,12038984.74010,3514046.15437,F296,475.77245872344645,F301,502.3783113041719,F294,676.7121355344652
F296,12038995.67940,3513570.50769,F295,475.77245872344645,F292,489.6440739767525,F297,566.980077901535
F297,12039560.13560,3513623.94557,F300,485.9780518837519,F298,521.9411870967044,F296,566.980077901535
F298,12040080.07420,3513578.26784,F299,429.68814957837196,F297,521.9411870967044,F300,601.5516208157517
F299,12040177.01360,3513996.87823,F298,429.68814957837196,F300,443.09299922741656,F310,465.5034572146321
F300,12039740.87340,3514075.06475,F304,439.9308149014172,F299,443.09299922741656,F297,485.9780518837519
F301,12038958.86020,3514547.86564,F302,500.76395134788027,F295,502.3783113041719,F303,736.5084199703239
F302,12039459.19090,3514568.69172,F304,460.53393011057744,F303,481.95824135665316,F301,500.76395134788027
F303,12039498.55370,3515049.03984,F302,481.95824135665316,F134,578.4904442005447,F304,702.3883540560323
F304,12039911.23490,3514480.67057,F300,439.9308149014172,F302,460.53393011057744,F299,551.9903492058062
F305,12040588.20730,3515052.91844,F17,300.34648051878753,F306,685.2797964377587,F307,841.6809001400767
F306,12040466.52190,3514378.52904,F307,423.62931262537273,F299,479.03277188833994,F310,516.7903632593832
F307,12040873.54440,3514261.07914,F308,376.65429507157154,F306,423.62931262537273,F310,445.59857714769396
F308,12041221.59260,3514117.09682,F307,376.65429507157154,F309,415.22477385965783,F311,603.9231870700652
F309,12041027.11230,3513750.23305,F308,415.22477385965783,F310,420.7197737206222,F307,533.429308886254
F310,12040629.64300,3513888.15797,F309,420.7197737206222,F307,445.59857714769396,F299,465.5034572146321
F311,12041669.15070,3513711.61567,F312,413.2637653448991,F308,603.9231870700652,F313,613.5364333447192
F312,12041836.64480,3514089.41544,F313,385.71784481037014,F311,413.2637653448991,F308,615.6748066345125
F313,12042211.49120,3513998.48452,F312,385.71784481037014,F311,613.5364333447192,F314,616.7616813813842
F314,12042826.45290,3514045.57039,F313,616.7616813813842,F312,990.7787155743558,F124,1023.4713087267571
F315,12065346.28050,3507978.27478,F61,400.78913881671326,F62,441.75308172906426,F316,561.9786302271015
F316,12065329.26550,3507416.55379,F791,454.08436698157,F315,561.9786302271015,F790,820.2117810522444
F317,11996560.71080,3465636.86602,F318,799.8808616496623,F331,1075.295539121402,F325,1201.7049637632233
F318,11997329.29250,3465858.43218,F324,515.0079494230299,F319,725.7200308215882,F325,761.0924875661909
F319,11997875.00180,3466336.83674,F320,329.9003035616308,F324,640.0596954765699,F318,725.7200308215882
F320,11998123.43270,3466119.77385,F319,329.9003035616308,F324,519.1292554373865,F321,658.614171870416
F321,11998765.02820,3465971.01955,F322,503.43936740232084,F320,658.614171870416,F323,666.4910055632126
F322,11998926.30180,3465494.11073,F323,441.82477417113535,F321,503.43936740232084,F320,1017.8669517482574
F323,11998506.36570,3465356.76881,F322,441.82477417113535,F321,666.4910055632126,F324,767.883894780171
F324,11997819.07440,3465699.22515,F318,515.0079494230299,F320,519.1292554373865,F325,541.0197628851464
F325,11997671.63930,3465178.68190,F331,534.5784849858268,F324,541.0197628851464,F327,734.0406386725499
F326,11998496.19010,3464302.26239,F328,434.9456883470258,F327,656.7617452045552,F329,828.3383467361663
F327,11997861.07990,3464469.50779,F330,368.9872775780436,F328,522.5498636422046,F326,656.7617452045552
F328,11998152.46740,3464035.74324,F329,394.03252589063356,F326,434.9456883470258,F327,522.5498636422046
F329,11997861.01850,3463770.56562,F328,394.03252589063356,F330,587.5754897594786,F332,672.7187203922183
F330,11997550.90990,3464269.64238,F327,368.9872775780436,F332,530.1733335122414,F329,587.5754897594786
F331,11997268.62110,3464827.46902,F325,534.5784849858268,F330,625.1859938449426,F327,692.2020455631663
F332,11997196.50740,3463875.32952,F330,530.1733335122414,F329,672.7187203922183,F327,891.4619589731158
F333,11995781.85670,3462882.53623,F156,786.1351982425193,F334,1047.7845245298313,F155,1501.5938818561401
F334,11995594.96600,3461851.55404,F333,1047.7845245298313,F157,1278.113666999762,F335,1283.4491762914165
F335,11995252.53130,3460614.63033,F476,1191.3841263831928,F334,1283.4491762914165,F158,1445.4815610410444
F336,11997179.37060,3460142.81992,F159,592.7646151227526,F158,718.296865085386,F157,1133.6552466769
F337,11998546.91450,3460402.59565,F336,1391.998472816688,F340,1589.7636724937097,F339,1703.2911438791316
F338,11997363.54050,3458686.27756,F160,251.43887500532475,F268,487.57548597015136,F161,661.8602170662708
F339,11998152.55110,3458745.58683,F161,707.6705963005395,F464,723.2451389429236,F340,727.9371345895674
F340,11998873.42820,3458846.72376,F464,392.4166869989737,F339,727.9371345895674,F341,735.2147608674061
F341,11999603.49240,3458933.59728,F342,433.24761978504097,F343,576.5126666153863,F340,735.2147608674061
F342,11999676.55950,3458506.55548,F343,364.0837387527881,F341,433.24761978504097,F344,673.4019624237277
F343,12000037.52010,3458554.14134,F342,364.0837387527881,F341,576.5126666153863,F467,667.0624782116761
F344,11999751.42880,3457837.32847,F465,271.8044236498821,F163,610.537786965799,F466,615.1659256185657
F345,12041863.98300,3526055.78062,F788,312.9120872971267,F781,494.4110895666967,F786,560.173544514424
F346,12042270.69180,3527255.97507,F347,434.32984988233096,F786,708.2541362153839,F780,773.311260027315
F347,12042697.20050,3527173.92175,F346,434.32984988233096,F787,467.90720875323984,F780,674.6443837632904
F348,12043792.39520,3523952.20576,F349,465.6045290359423,F350,892.8438545792358,F352,897.750048785404
F349,12044153.65400,3524245.93975,F350,441.14148780370175,F348,465.6045290359423,F352,593.4531057990748
F350,12044379.44880,3524624.91537,F385,410.8815871296183,F349,441.14148780370175,F351,487.79874196398436
F351,12044726.26670,3524967.93863,F350,487.79874196398436,F385,493.92533785967623,F349,921.5029500351421
F352,12044689.32740,3523990.51736,F385,490.2353080084081,F349,593.4531057990748,F353,612.7633033665611
F353,12044963.15360,3523442.34031,F360,526.3156746867138,F352,612.7633033665611,F386,716.7800846034173
F354,12045296.98070,3522063.42180,F387,414.3906499452666,F355,726.260040524213,F386,731.140285930547
F355,12045760.55990,3521504.36190,F6,355.9808200963642,F354,726.260040524213,F359,734.7948336692434
F356,12046824.15710,3521129.30753,F357,332.8815059468971,F388,405.901449933659,F358,533.4200383681084
F357,12046650.34220,3520845.40882,F389,254.49411111749052,F356,332.8815059468971,F358,477.35970395741975
F358,12047093.97320,3520669.15950,F390,179.84744766553558,F357,477.35970395741975,F356,533.4200383681084
F359,12046077.60910,3520841.48691,F6,380.3221791270049,F389,498.29217317188915,F357,572.7465278939185
F360,12044705.92380,3522983.16603,F353,526.3156746867138,F386,593.8619097715191,F387,692.0847900774648
F361,12042368.40620,3521651.24317,F362,1649.0172574272453,F773,2198.493779416705,F778,2550.456065052162
F362,12041482.33610,3520260.51038,F364,1473.3296771264531,F363,1540.8257730436899,F361,1649.0172574272453
F363,12039960.39890,3520019.98757,F364,482.6417602672163,F370,727.3147294328185,F371,967.5080583785101
F364,12040028.24650,3520497.83668,F363,482.6417602672163,F370,1156.0236526822243,F371,1276.1512072421774
F365,12037868.78000,3519777.84993,F392,544.6248737343382,F380,564.2388712451693,F379,662.9179174072942
F366,12038517.49200,3519593.27123,F367,543.1351588181416,F371,547.0695980870765,F368,609.4686019863104
F367,12038429.77300,3519057.26640,F368,385.15680311705546,F379,536.2773936862174,F366,543.1351588181416
F368,12038814.90870,3519061.29822,F367,385.15680311705546,F372,465.2751361215452,F366,609.4686019863104
F369,12039421.39210,3518851.89870,F372,576.7591863119418,F370,638.994999156741,F368,641.6153625438611
F370,12039462.77980,3519489.55195,F371,440.551508555721,F369,638.994999156741,F363,727.3147294328185
F371,12039059.56470,3519667.04340,F370,440.551508555721,F366,547.0695980870765,F368,653.2869059062211
F372,12038900.63160,3518603.98811,F383,340.5725266195586,F368,465.2751361215452,F384,564.0398161500799
F373,12038714.23540,3517880.73070,F374,353.01262401016925,F383,573.7439999463675,F384,576.3027910238734
F374,12038535.76000,3517576.15814,F373,353.01262401016925,F375,430.0593857846731,F140,687.6143782172902
F375,12038105.94750,3517590.72832,F382,417.7942872276941,F374,430.0593857846731,F376,638.8130101078806
F376,12037516.84340,3517837.78787,F382,446.66542861865344,F143,586.1733786907089,F375,638.8130101078806
F377,12037295.24310,3518443.03633,F378,370.44585184595843,F381,461.78017077403456,F376,644.540449694174
F378,12037645.19980,3518564.52887,F377,370.44585184595843,F381,455.5510076794258,F379,605.6621848361718
F379,12037896.66880,3519115.51891,F380,341.1447968959569,F367,536.2773936862174,F381,596.0621985746242
F380,12037599.04890,3519282.25873,F379,341.1447968959569,F381,459.62340535332925,F365,564.2388712451693
F381,12037339.91270,3518902.65090,F378,455.5510076794258,F380,459.62340535332925,F377,461.78017077403456
F382,12037941.91900,3517974.97657,F375,417.7942872276941,F376,446.66542861865344,F378,660.010756036706
F383,12038600.46690,3518443.08193,F372,340.5725266195586,F373,573.7439999463675,F367,637.4629171071475
F384,12039226.93350,3518143.91422,F131,405.5339539856777,F372,564.0398161500799,F373,576.3027910238734
F385,12044762.12880,3524475.31692,F350,410.8815871296183,F352,490.2353080084081,F351,493.92533785967623
F386,12045268.85910,3522794.02107,F387,505.8463400424421,F360,593.8619097715191,F353,716.7800846034173
F387,12045008.12760,3522360.54719,F354,414.3906499452666,F386,505.8463400424421,F360,692.0847900774648
F388,12046563.64190,3521440.57561,F356,405.901449933659,F357,601.4486261845591,F6,722.1487501264238
F389,12046525.70270,3520623.52541,F357,254.49411111749052,F359,498.29217317188915,F390,550.7573738362186
F390,12047060.63040,3520492.42987,F358,179.84744766553558,F357,541.2305850582732,F389,550.7573738362186
F391,11951081.55500,3414163.80033,F260,677.0382187066381,F262,766.696829947881,F261,1145.5327162741376
F392,12037327.18790,3519835.24549,F365,544.6248737343382,F380,616.2002597024223,F394,716.0864609031285
F393,12036478.06530,3519899.28768,F548,480.38758708112266,F395,536.754028103969,F394,558.6949617363053
F394,12036820.20830,3520340.96429,F395,309.45883780435526,F396,514.4031284300552,F393,558.6949617363053
F395,12036525.05960,3520433.98051,F394,309.45883780435526,F393,536.754028103969,F396,629.2612245221467
F396,12037028.70790,3520811.21794,F394,514.4031284300552,F395,629.2612245221467,F392,1020.5942061160769
F397,12035785.14180,3520167.17330,F413,347.31813549702684,F398,425.5589600814864,F414,501.17478343575
F398,12035716.74000,3520587.19904,F397,425.5589600814864,F414,470.5431642542756,F416,495.4865328771612
F399,12035875.10130,3521175.64077,F400,318.0912056812447,F401,431.8507050595832,F398,609.3783479439331
F400,12035847.53380,3521492.53515,F399,318.0912056812447,F402,348.89731062688514,F401,383.2344351305396
F401,12035486.49580,3521364.00424,F400,383.2344351305396,F399,431.8507050595832,F419,453.88883622944195
F402,12035864.95240,3521840.99738,F400,348.89731062688514,F403,477.9347970323508,F401,608.8939593158736
F403,12036250.66060,3522123.22221,F405,241.78502356605836,F406,357.31725770625025,F404,398.4277150228749
F404,12036644.77720,3522181.67518,F406,277.66127535933606,F407,374.47596024009636,F408,393.50052552633423
F405,12036208.32470,3522361.27193,F403,241.78502356605836,F406,269.64243885816563,F407,403.0112539425997
F406,12036474.97050,3522401.36011,F407,172.13842360101583,F405,269.64243885816563,F404,277.66127535933606
F407,12036565.62840,3522547.69118,F408,132.37289637866866,F406,172.13842360101583,F404,374.47596024009636
F408,12036695.77680,3522571.85681,F407,132.37289637866866,F406,278.97051247452987,F404,393.50052552633423
F409,12035753.24330,3519422.45038,F411,402.99877231193875,F413,583.2434630089624,F548,603.0601955454337
F410,12034919.53400,3519342.72876,F480,391.00312029485843,F411,460.4914415579785,F436,542.3903296351243
F411,12035375.87330,3519281.02940,F409,402.99877231193875,F410,460.4914415579785,F424,591.6170154297492
F412,12035114.95190,3520093.75875,F414,318.77171019738233,F413,420.7307153063763,F415,490.5477059390341
F413,12035511.52590,3519953.24755,F397,347.31813549702684,F412,420.7307153063763,F414,435.1690096029999
F414,12035315.32910,3520341.67886,F412,318.77171019738233,F415,375.4340917946183,F416,419.7608721566168
F415,12035021.44810,3520575.31258,F416,292.4948499737258,F414,375.4340917946183,F417,489.04934575673076
F416,12035251.07200,3520756.49233,F415,292.4948499737258,F417,328.15372110012277,F414,419.7608721566168
F417,12035115.34760,3521055.26273,F416,328.15372110012277,F401,482.775627346856,F415,489.04934575673076
F418,12034762.10650,3521471.96137,F417,546.2756001390469,F547,559.3124744997504,F419,575.0239091518159
F419,12035260.99060,3521757.91093,F401,453.88883622944195,F418,575.0239091518159,F420,601.2149194713952
F420,12035331.31300,3522354.99898,F422,390.42004767495393,F421,549.939856113191,F419,601.2149194713952
F421,12035754.35050,3522706.38640,F422,282.5785367066242,F420,549.939856113191,F423,555.4675038567998
F422,12035472.06110,3522719.16623,F421,282.5785367066242,F423,322.424408013151,F420,390.42004767495393
F423,12035262.20650,3522963.94888,F422,322.424408013151,F421,555.4675038567998,F420,612.8586207699893
F424,12035144.98820,3518736.32511,F425,374.6940064093121,F427,482.24777891018726,F411,591.6170154297492
F425,12035280.22060,3518386.88585,F424,374.6940064093121,F427,384.0020380198917,F426,558.7034224978353
F426,12035473.11160,3517862.53618,F428,446.5687350631293,F425,558.7034224978353,F429,634.9077590334216
F427,12034902.14460,3518319.68389,F435,229.26873903876591,F425,384.0020380198917,F424,482.24777891018726
F428,12035205.50780,3517505.02836,F434,394.41755502913264,F426,446.5687350631293,F429,543.518539156217
F429,12035694.33590,3517267.41630,F430,465.2931703238379,F428,543.518539156217,F431,571.7057677312266
F430,12035852.41920,3516829.80071,F431,369.5513674769059,F433,374.35283329615385,F429,465.2931703238379
F431,12035496.28970,3516731.10931,F430,369.5513674769059,F429,571.7057677312266,F433,592.3908932181838
F432,12036194.09410,3516106.79822,F433,428.85090921286667,F151,566.3515233218201,F439,631.4542572699431
F433,12036045.49920,3516509.08252,F430,374.35283329615385,F432,428.85090921286667,F150,584.9932250451723
F434,12034837.31660,3517363.60542,F428,394.41755502913264,F426,808.1875928885472,F429,862.4003869299329
F435,12034689.56360,3518233.81496,F427,229.26873903876591,F425,610.1691478713217,F424,678.179929766261
F436,12034405.31390,3519515.25400,F437,395.29753336472373,F480,425.94827740403247,F410,542.3903296351243
F437,12034014.96590,3519452.89553,F436,395.29753336472373,F481,660.6954932684578,F480,811.0681559287079
F438,12036847.31290,3515900.42101,F151,328.0743279983452,F439,562.5716565169791,F432,685.0447820978735
F439,12036431.38100,3515521.62354,F440,451.9441033287611,F438,562.5716565169791,F432,631.4542572699431
F440,12036587.61360,3515097.54236,F441,435.6658182035523,F439,451.9441033287611,F442,578.7061637103304
F441,12037005.69840,3514975.02785,F443,302.644246272567,F444,369.1478492169035,F442,401.4256258995496
F442,12036875.25870,3514595.38589,F443,282.5045234737735,F441,401.4256258995496,F447,509.13991081830557
F443,12037136.77490,3514702.24132,F442,282.5045234737735,F441,302.644246272567,F444,350.8653708564306
F444,12037374.55040,3514960.25163,F445,231.7294378901019,F443,350.8653708564306,F441,369.1478492169035
F445,12037550.97190,3515110.49805,F444,231.7294378901019,F441,561.8499487313102,F443,581.5777784598437
F446,12037660.20890,3514398.29442,F448,270.9631180705021,F447,571.2033370437787,F443,605.2824715584468
F447,12037140.67360,3514160.89955,F449,250.04141019753206,F448,316.4077130591862,F442,509.13991081830557
F448,12037450.04330,3514227.26392,F446,270.9631180705021,F447,316.4077130591862,F449,552.3758756682507
F449,12036943.32910,3514007.35524,F447,250.04141019753206,F451,445.8314657760797,F448,552.3758756682507
F450,12037245.95650,3513399.18257,F291,454.1469060539174,F451,522.2151566967162,F452,566.7521649117471
F451,12036763.62510,3513599.34523,F449,445.8314657760797,F450,522.2151566967162,F452,584.6523342253997
F452,12036826.46980,3513018.08032,F450,566.7521649117471,F451,584.6523342253997,F453,656.025268249842
F453,12037284.83170,3512548.74726,F455,372.1350114401921,F457,476.52723896892957,F456,527.6639632327655
F454,12037790.51050,3512322.80972,F456,265.5595300851038,F455,344.3241802614113,F457,471.7966195272595
F455,12037461.51150,3512221.22823,F457,158.53427960131333,F456,171.27566278729486,F454,344.3241802614113
F456,12037607.00330,3512130.85407,F455,171.27566278729486,F457,227.77985156679208,F454,265.5595300851038
F457,12037384.36500,3512082.73081,F455,158.53427960131333,F456,227.77985156679208,F454,471.7966195272595
F458,11994080.05300,3458090.44870,F10,352.6163207831843,F9,387.21887432258814,F11,1094.88838742058
F459,11995650.29620,3458458.09724,F11,566.7942392438875,F460,855.9350021833839,F476,1082.3231763335987
F460,11996497.00290,3458332.74776,F461,301.508761783794,F462,452.36528754985807,F268,538.9914126757524
F461,11996763.96460,3458192.60860,F462,150.85781751065107,F460,301.508761783794,F14,402.51841527322404
F462,11996897.17990,3458121.81478,F461,150.85781751065107,F14,253.5790305675466,F460,452.36528754985807
F463,11998440.70340,3457957.30658,F162,591.1452844056164,F464,626.3353555131107,F161,708.9407931915295
F464,11998816.36730,3458458.47782,F340,392.4166869989737,F463,626.3353555131107,F162,689.8675590443956
F465,11999536.74190,3457670.63360,F344,271.8044236498821,F466,363.4198357903118,F162,542.016029905027
F466,11999394.81930,3457336.07127,F465,363.4198357903118,F162,600.1682628752652,F344,615.1659256185657
F467,12000679.03320,3458371.29361,F343,667.0624782116761,F468,712.6833323215828,F164,799.3831758215827
F468,12000517.53350,3459065.43724,F469,667.3420622414,F343,701.310460165505,F467,712.6833323215828
F469,12001172.39380,3459193.90286,F470,631.795038277758,F468,667.3420622414,F467,959.2135631952615
F470,12001648.92240,3459608.73471,F469,631.795038277758,F471,691.5814760938273,F576,846.4055004627538
F471,12002249.15670,3459265.21801,F576,255.72695723315002,F470,691.5814760938273,F575,721.8748020046372
F472,12004112.28920,3459113.97585,F473,305.567291219059,F474,918.5234339626081,F171,981.0146446886255
F473,12004023.49210,3459406.35650,F472,305.567291219059,F474,962.2424680899647,F171,1212.0407406627776
F474,12004985.70080,3459398.29517,F171,724.8727263109569,F475,822.3205978949014,F472,918.5234339626081
F475,12005789.76180,3459570.62356,F474,822.3205978949014,F171,1202.69016630258,F472,1738.5170274688383
F476,11995756.69300,3459535.17810,F159,1046.183415623621,F459,1082.3231763335987,F335,1191.3841263831928
F477,12004997.51970,3455144.20033,F478,123.23889621196437,F479,710.2908299357895,F179,758.3733056052939
F478,12004900.10650,3455068.71196,F477,123.23889621196437,F479,587.0674277690341,F179,836.9950068309872
F479,12004442.40630,3454701.07261,F478,587.0674277690341,F477,710.2908299357895,F179,1314.3462700651467
F480,12034784.33410,3519709.61352,F410,391.00312029485843,F436,425.94827740403247,F412,506.8290514640885
F481,12033785.62970,3520072.51109,F485,391.6525971733709,F483,559.9332408811289,F437,660.6954932684578
F482,12034552.17940,3520317.25043,F484,478.24552673927263,F483,528.3635210907602,F415,535.5456899857228
F483,12034077.89820,3520550.11381,F484,377.2401532935125,F485,447.72239938127194,F482,528.3635210907602
F484,12034387.16890,3520766.12716,F483,377.2401532935125,F489,441.29767500240706,F482,478.24552673927263
F485,12033644.48040,3520437.84468,F481,391.6525971733709,F483,447.72239938127194,F486,755.3330593549659
F486,12033086.43200,3520946.87318,F487,515.782289713935,F485,755.3330593549659,F483,1067.9059993392084
F487,12033313.33540,3521410.06452,F486,515.782289713935,F488,775.0543405579893,F490,802.7562000448478
F488,12034040.20240,3521679.08793,F490,463.1490253167682,F546,496.20652254536645,F489,535.5038830332004
F489,12034237.89620,3521181.41176,F484,441.29767500240706,F488,535.5038830332004,F418,599.3459055484616
F490,12033780.72330,3522062.72528,F546,436.79458187916003,F488,463.1490253167682,F544,530.8796435167155
F491,12033312.14970,3522409.80628,F493,370.41258081477974,F506,516.9523454105981,F492,534.4315085497727
F492,12032805.38370,3522579.52740,F493,499.85799605281886,F494,524.5773685390568,F491,534.4315085497727
F493,12033264.51960,3522777.14380,F491,370.41258081477974,F506,384.2828667224318,F494,484.4128239096782
F494,12032899.49210,3523095.59428,F495,376.8649695279381,F493,484.4128239096782,F492,524.5773685390568
F495,12033216.40680,3523299.53613,F494,376.8649695279381,F503,407.12851451764607,F493,524.6032672090311
F496,12032842.27340,3523679.76897,F497,392.87930940144406,F495,533.4349197518287,F498,556.3304527150086
F497,12033182.67720,3523875.93065,F496,392.87930940144406,F502,419.5186620887776,F499,498.3676001531775
F498,12032837.80780,3524236.08150,F499,360.1540935584641,F497,498.64169281370704,F500,530.7393079935005
F499,12033170.44660,3524374.14815,F498,360.1540935584641,F501,417.7862843541218,F497,498.3676001531775
F500,12032786.99980,3524764.38327,F498,530.7393079935005,F499,547.096789710207,F501,937.1638422235824
F501,12033568.42610,3524247.03522,F510,361.20798450710816,F499,417.7862843541218,F502,525.272818645926
F502,12033572.84870,3523721.78102,F497,419.5186620887776,F503,524.1467660517873,F501,525.272818645926
F503,12033610.93190,3523199.01960,F504,308.89258543985306,F506,397.8944359747235,F495,407.12851451764607
F504,12033919.27090,3523217.50447,F503,308.89258543985306,F505,409.51646451300945,F508,412.7419242378471
F505,12034071.92840,3522837.50523,F544,309.9374770287729,F504,409.51646451300945,F506,425.4006328464805
F506,12033647.94170,3522802.85012,F493,384.2828667224318,F503,397.8944359747235,F505,425.4006328464805
F507,12034631.92760,3522903.91323,F543,333.3256103400553,F508,513.0947317581678,F505,563.9229791949554
F508,12034321.02890,3523312.08991,F504,412.7419242378471,F507,513.0947317581678,F505,535.9866393769975
F509,12034211.26180,3524472.88975,F510,424.4807954946047,F501,681.3574729286304,F514,683.9383201287919
F510,12033919.98710,3524164.11314,F501,361.20798450710816,F509,424.4807954946047,F502,562.2835344716198
F511,12035005.94030,3523541.38867,F512,349.1711835360476,F423,631.7508024028516,F508,722.2752572180515
F512,12035352.86810,3523580.90597,F511,349.1711835360476,F423,623.5828546522351,F523,689.0008162605446
F513,12034929.29540,3524441.86259,F514,527.1617077644527,F509,718.7036492080089,F521,803.0758582880273
F514,12034722.78370,3524926.89082,F513,527.1617077644527,F509,683.9383201287919,F524,800.8233915507456
F515,12035480.54630,3525604.40750,F520,644.5599083624131,F516,646.6343280216448,F524,678.9333345541258
F516,12035591.57040,3526241.43937,F515,646.6343280216448,F517,739.2042827056778,F519,846.9166186823632
F517,12034861.72600,3526358.70029,F518,636.4612238574293,F524,637.912341450756,F516,739.2042827056778
F518,12034894.13510,3526994.33583,F517,636.4612238574293,F516,1026.288983263135,F524,1274.2567226849444
F519,12036416.25080,3526048.64415,F540,677.8166618002073,F525,753.042065614866,F520,767.1668252873918
F520,12036077.16810,3525360.48148,F515,644.5599083624131,F519,767.1668252873918,F521,805.1217108068952
F521,12035705.98550,3524646.02753,F522,737.2527496122183,F513,803.0758582880273,F520,805.1217108068952
F522,12035967.82220,3523956.83731,F523,427.3904348113818,F512,720.7585708823946,F521,737.2527496122183
F523,12036040.38110,3523535.65114,F522,427.3904348113818,F512,689.0008162605446,F421,877.207793594966
F524,12034812.00270,3525722.72879,F517,637.912341450756,F515,678.9333345541258,F514,800.8233915507456
F525,12036713.07630,3526740.71855,F526,502.99495192564603,F527,730.6647087569017,F529,746.3096575958169
F526,12037111.50500,3526433.70309,F525,502.99495192564603,F540,569.3112412081315,F529,587.5699579721675
F527,12037101.54040,3527359.56147,F528,452.77572364496245,F529,550.4058388798896,F525,730.6647087569017
F528,12037554.31610,3527359.70780,F529,452.22404806346964,F527,452.77572364496245,F530,886.8535228608612
F529,12037436.77660,3526923.02593,F528,452.22404806346964,F527,550.4058388798896,F526,587.5699579721675
F530,12038139.57380,3526693.38761,F531,377.56791113286533,F532,664.6042502323315,F529,739.3630112063356
F531,12038297.88290,3526350.61107,F530,377.56791113286533,F532,406.3722715267342,F539,825.4056757534689
F532,12038704.17990,3526342.78989,F531,406.3722715267342,F530,664.6042502323315,F533,701.9855890229684
F533,12039401.40690,3526261.19162,F534,506.8373991019215,F532,701.9855890229684,F535,820.6597986522305
F534,12039350.05230,3525756.96265,F535,313.8302426721459,F537,432.0630264640728,F533,506.8373991019215
F535,12039321.06390,3525444.47410,F537,278.5714595528328,F534,313.8302426721459,F538,663.9607621906483
F536,12039600.44880,3524764.87703,F535,734.7843900769448,F537,886.0983065788815,F534,1023.1970898231294
F537,12039042.63430,3525453.36319,F535,278.5714595528328,F538,385.82781991385485,F534,432.0630264640728
F538,12038658.95370,3525494.01173,F539,329.24971304631134,F537,385.82781991385485,F535,663.9607621906483
F539,12038331.24990,3525525.88010,F538,329.24971304631134,F537,715.0709522822366,F541,817.6577017340034
F540,12037068.99100,3525865.98146,F541,492.4663377100935,F542,497.3759043597157,F526,569.3112412081315
F541,12037531.90050,3525697.94013,F542,290.3095483903751,F540,492.4663377100935,F539,817.6577017340034
F542,12037551.26790,3525987.60293,F541,290.3095483903751,F540,497.3759043597157,F526,626.4158051702609
F543,12034555.11050,3522579.55988,F507,333.3256103400553,F545,333.37671948454204,F544,524.9067312702887
F544,12034032.54100,3522530.08065,F505,309.9374770287729,F545,326.8597167048527,F546,423.4012215715783
F545,12034308.61920,3522355.10036,F546,231.82641343001188,F544,326.8597167048527,F543,333.37671948454204
F546,12034209.60660,3522145.48168,F545,231.82641343001188,F547,352.3502108147637,F544,423.4012215715783
F547,12034518.10200,3521975.24285,F546,352.3502108147637,F545,433.79116104295696,F418,559.3124744997504
F548,12036356.18070,3519434.61965,F549,202.509663060722,F552,461.12075610261525,F393,480.38758708112266
F549,12036405.74850,3519238.26997,F548,202.509663060722,F550,283.92941448684047,F552,387.3175619520025
F550,12036527.93860,3518981.97816,F549,283.92941448684047,F551,341.9261612062331,F552,397.69096383113146
F551,12036850.90740,3519094.24861,F552,195.66737169958924,F550,341.9261612062331,F549,467.8766914321559
F552,12036790.76320,3519280.44312,F551,195.66737169958924,F549,387.3175619520025,F550,397.69096383113146
F553,11992141.22520,3456276.64787,F7,286.46472285530086,F554,588.0940670114352,F555,732.7721046801596
F554,11991606.50940,3456031.83438,F553,588.0940670114352,F7,624.1745366846033,F555,1304.579455805934
F555,11992679.54400,3456773.80763,F12,379.3153835407122,F13,713.5021599191363,F7,731.1985380084259
F556,11949703.63940,3413146.93688,F263,118.75609008205207,F261,820.7224357781611,F557,852.1444505856625
F557,11948851.96960,3413175.37482,F560,629.5672903869524,F263,771.1723815369476,F559,788.6491006247035
F558,11948431.11800,3412377.05424,F264,251.36188433528983,F559,297.9996209637517,F560,739.3961320487631
F559,11948279.09370,3412633.35950,F558,297.9996209637517,F264,412.60115642994157,F560,457.5885675808931
F560,11948228.47540,3413088.13976,F559,457.5885675808931,F557,629.5672903869524,F561,639.6343187297973
F561,11947738.84840,3412676.56053,F559,541.969845253151,F560,639.6343187297973,F264,669.833999861828
F562,11948726.48820,3411387.65136,F564,317.1994628436569,F563,645.9278929571271,F4,748.2397513092619
F563,11949342.35080,3411192.87944,F4,317.51412309782813,F2,635.1631175903138,F562,645.9278929571271
F564,11948876.16240,3411667.31747,F562,317.1994628436569,F4,619.9394792335383,F563,665.148907091823
F565,11949515.63690,3411976.80208,F4,494.7818509037822,F566,555.5828709390921,F564,710.4282933396745
F566,11950063.13350,3411882.35739,F568,532.5065746869667,F565,555.5828709390921,F567,579.7192077961939
F567,11950567.33950,3411596.26183,F569,281.2943249414323,F3,313.10215034221426,F570,539.841161716856
F568,11950008.93340,3411352.61632,F2,225.99003893337888,F566,532.5065746869667,F4,556.2750601530828
F569,11950646.67820,3411326.38803,F570,270.71974064076835,F567,281.2943249414323,F571,413.30111442117544
F570,11950610.25740,3411058.12938,F569,270.71974064076835,F571,491.11607412812623,F567,539.841161716856
F571,11951055.46380,3411265.46066,F5,342.327120293003,F569,413.30111442117544,F570,491.11607412812623
F572,11950742.31910,3410437.04007,F570,634.9741912886573,F571,885.629875892679,F569,894.4758105777161
F573,11951513.05710,3411926.76281,F5,472.31653373089296,F571,804.1841591326117,F3,822.7265293024174
F574,12002650.15170,3458286.82757,F575,396.4150672605893,F166,782.8524202648035,F576,827.6731067728632
F575,12002354.67460,3458551.09673,F574,396.4150672605893,F576,470.9537219810561,F471,721.8748020046372
F576,12002246.68790,3459009.50297,F471,255.72695723315002,F575,470.9537219810561,F574,827.6731067728632
F577,12003391.17640,3457891.51898,F166,737.4284810363538,F574,839.8728995146879,F167,1004.8797897120169
F578,12023619.25240,3509341.53649,F579,928.8359502480756,F580,1708.1962084363854,F616,6896.19652586383
F579,12024529.73030,3509525.29235,F580,897.0176701042385,F578,928.8359502480756,F616,6068.875282332146
F580,12025306.89510,3509077.34640,F579,897.0176701042385,F578,1708.1962084363854,F615,5824.3758361871205
F581,12028188.80790,3517136.03205,F583,548.1019844910883,F584,631.081008976416,F582,642.316081024075
F582,12028725.13430,3516782.58624,F583,480.59174272834673,F586,551.888268824796,F581,642.316081024075
F583,12028282.26020,3516595.95571,F582,480.59174272834673,F581,548.1019844910883,F592,623.5144747003883
F584,12028744.64050,3517434.88546,F585,553.6322823780254,F586,600.3451134481999,F581,631.081008976416
F585,12029295.81560,3517486.98837,F586,444.1571250478259,F587,525.0673390948745,F584,553.6322823780254
F586,12029206.89350,3517051.82356,F585,444.1571250478259,F582,551.888268824796,F584,600.3451134481999
F587,12029786.28140,3517299.53435,F585,525.0673390948745,F586,630.1198093611281,F591,737.0039771530944
F588,12028875.54010,3515961.72600,F589,338.35185732982023,F592,596.5039897461304,F593,821.9938678618872
F589,12029212.03550,3515997.12127,F588,338.35185732982023,F590,565.4529318584075,F595,821.6071548425596
F590,12029656.71020,3516346.40830,F591,362.0593370665866,F589,565.4529318584075,F586,836.6276069077925
F591,12029935.23000,3516577.73855,F590,362.0593370665866,F587,737.0039771530944,F586,869.0400761410781
F592,12028279.13250,3515972.44908,F588,596.5039897461304,F583,623.5144747003883,F593,674.1336109143683
F593,12028379.99000,3515305.90284,F594,503.0826563562258,F592,674.1336109143683,F595,800.3840905308531
F594,12028556.02770,3514834.62491,F593,503.0826563562258,F595,702.6630376580925,F617,1090.8906597216594
F595,12029169.86010,3515176.59732,F596,680.5003855737534,F594,702.6630376580925,F593,800.3840905308531
F596,12029813.13210,3514954.60203,F597,372.95835137799656,F598,556.8994373091257,F595,680.5003855737534
F597,12030154.34890,3515105.16440,F598,188.12527052520005,F596,372.95835137799656,F599,375.633832114458
F598,12030301.28010,3515222.64776,F599,187.50879316587168,F597,188.12527052520005,F596,556.8994373091257
F599,12030447.46940,3515340.07108,F598,187.50879316587168,F597,375.633832114458,F600,393.11682650404174
F600,12030776.71940,3515554.86232,F601,137.15698476865998,F602,294.45318669298484,F599,393.11682650404174
F601,12030909.08070,3515590.81402,F600,137.15698476865998,F602,314.1553992466332,F599,525.316108879482
F602,12030723.80940,3515844.52283,F600,294.45318669298484,F601,314.1553992466332,F599,575.1828958496485
F603,12031810.14190,3515343.73971,F604,495.2455120050706,F606,775.942868922556,F601,934.3216795112428
F604,12032268.40870,3515155.96416,F603,495.2455120050706,F605,553.2251915248426,F606,769.013273541705
F605,12032435.27650,3514628.50492,F604,553.2251915248426,F606,666.0929959844483,F607,754.2122811635124
F606,12031771.87000,3514568.74126,F605,666.0929959844483,F604,769.013273541705,F603,775.942868922556
F607,12032379.32020,3513876.37125,F608,566.4374754842357,F609,726.6509450937032,F605,754.2122811635124
F608,12032275.93000,3513319.44946,F609,179.44391746106857,F607,566.4374754842357,F610,1007.4402280427273
F609,12032157.91740,3513184.27126,F608,179.44391746106857,F607,726.6509450937032,F610,850.3775090411491
F610,12031345.37380,3512933.44302,F611,519.1889966812481,F612,830.8874247506575,F609,850.3775090411491
F611,12030856.42000,3512758.85380,F612,444.0081886851284,F610,519.1889966812481,F613,641.5820043988289
F612,12030522.99750,3513052.06483,F613,376.25177580667145,F611,444.0081886851284,F614,772.977747468381
F613,12030218.85770,3512830.56002,F612,376.25177580667145,F614,535.1656075109748,F611,641.5820043988289
F614,12030322.53530,3512305.53318,F613,535.1656075109748,F611,700.3802234585928,F612,772.977747468381
F615,12029577.73130,3513037.56256,F618,573.1168180712541,F616,596.8833404039451,F613,673.7158988347096
F616,12029152.93100,3513456.86487,F619,381.02227713208856,F618,432.4606799687219,F615,596.8833404039451
F617,12029421.44160,3514170.47040,F618,576.3856872368359,F619,612.5680048500851,F616,762.4505195480068
F618,12029557.25240,3513610.31338,F616,432.4606799687219,F615,573.1168180712541,F617,576.3856872368359
F619,12028949.99470,3513779.34717,F616,381.02227713208856,F617,612.5680048500851,F618,630.3446171507536
F620,12032799.14650,3517254.12499,F434,2041.1083560374736,F435,2129.1945071525483,F603,2151.209431195619
F621,12021149.67400,3538588.56264,F623,652.0976957234169,F622,675.9066546282179,F624,1255.22022826734
F622,12020817.47880,3537999.92340,F621,675.9066546282179,F623,827.4552487470762,F624,870.8161127547177
F623,12021631.38760,3538149.03629,F621,652.0976957234169,F630,688.5024947558396,F624,819.6500595705364
F624,12021408.41070,3537360.29836,F625,647.2282154422047,F626,674.619320413982,F623,819.6500595705364
F625,12021229.93340,3536738.16476,F624,647.2282154422047,F626,669.1195190801534,F628,956.4379644112563
F626,12021883.54560,3536881.38495,F627,505.74802076864904,F625,669.1195190801534,F624,674.619320413982
F627,12022194.00040,3536482.13706,F628,484.6109323391216,F626,505.74802076864904,F629,885.2365163200157
F628,12021923.77220,3536079.86293,F627,484.6109323391216,F626,802.5308267552061,F625,956.4379644112563
F629,12022535.22930,3537298.96417,F626,773.9922802072115,F630,791.4281135424561,F627,885.2365163200157
F630,12022313.95520,3538058.83010,F623,688.5024947558396,F629,791.4281135424561,F624,1143.6596667128363
F631,12031195.79990,3522539.57013,F632,523.068815240945,F633,889.7151402762474,F634,1267.128135163047
F632,12030677.92700,3522466.02664,F633,366.72423197847996,F631,523.068815240945,F634,744.0620382811356
F633,12030313.59080,3522424.24392,F632,366.72423197847996,F634,377.5236914661105,F635,769.8523823867225
F634,12029940.82250,3522364.51175,F633,377.5236914661105,F635,392.34832497161676,F632,744.0620382811356
F635,12029552.56900,3522307.97479,F634,392.34832497161676,F727,453.9861099757302,F638,584.6628171061247
F636,12028497.15310,3522804.58994,F733,312.91389128802894,F637,404.6138078783576,F729,484.2436834840897
F637,12028817.76760,3522557.77285,F638,365.8044764947334,F636,404.6138078783576,F729,418.37265891168926
F638,12029143.00220,3522725.21051,F637,365.8044764947334,F639,408.76193571891986,F751,421.3269266553636
F639,12028924.85500,3523070.89551,F751,91.91487847005939,F640,338.4506772810656,F638,408.76193571891986
F640,12028977.80040,3523405.17929,F751,284.16839638352116,F639,338.4506772810656,F641,549.1706469603968
F641,12028439.17820,3523298.06008,F636,496.8640338180469,F639,536.1769259499126,F640,549.1706469603968
F642,12029250.88220,3525241.18218,F644,321.9799056165816,F645,523.4021182555911,F643,1128.924808513538
F643,12029352.11600,3526365.55887,F750,428.8399365928764,F646,439.8447914674825,F645,608.8030882520472
F644,12029051.22160,3525493.78207,F642,321.9799056165816,F645,338.83270718939144,F643,922.243042245005
F645,12029254.89310,3525764.56893,F644,338.83270718939144,F642,523.4021182555911,F643,608.8030882520472
F646,12029429.56960,3526798.53044,F750,320.9447736871615,F647,421.74939515111896,F643,439.8447914674825
F647,12029489.74170,3527215.96531,F648,356.16157336761495,F646,421.74939515111896,F750,616.7228275910261
F648,12029488.49460,3527572.12470,F647,356.16157336761495,F646,775.8351852876228,F750,925.4299538791196
F649,12029056.21760,3530574.14593,F650,192.81158595132842,F651,585.38104737689,F652,652.2452139217341
F650,12029245.64900,3530610.09106,F649,192.81158595132842,F652,605.7010522136496,F651,644.8865717252721
F651,12029072.15000,3529988.98174,F652,342.6091626900453,F649,585.38104737689,F650,644.8865717252721
F652,12029412.54860,3530027.83829,F651,342.6091626900453,F650,605.7010522136496,F649,652.2452139217341
F653,12028179.57700,3532213.98517,F654,365.1365382592944,F655,591.4741369548672,F656,1021.6140340958488
F654,12027815.40450,3532240.50086,F653,365.1365382592944,F655,735.4119912212575,F656,1146.235160807091
F655,12028300.89890,3532792.88296,F656,431.9308830853122,F653,591.4741369548672,F657,688.7310580588946
F656,12028439.38720,3533202.01042,F655,431.9308830853122,F657,434.01645768619807,F658,854.8621597393977
F657,12028079.89840,3533445.19366,F658,421.30279530632356,F656,434.01645768619807,F655,688.7310580588946
F658,12027716.25970,3533657.94455,F657,421.30279530632356,F659,522.9908818223281,F656,854.8621597393977
F659,12027325.98650,3534006.09149,F658,522.9908818223281,F657,939.6752250956979,F656,1373.392691800404
F660,12019257.66540,3567143.35559,F661,661.6680980550697,F662,1454.0981951104015,F668,1734.652166896086
F661,12018747.22440,3567564.37181,F660,661.6680980550697,F662,797.9158545403176,F668,1165.3046412560182
F662,12018052.98860,3567957.69911,F661,797.9158545403176,F668,867.5270884190421,F663,1392.2345757178914
F663,12016784.69920,3568531.94567,F667,559.3457571896382,F664,881.1711522326332,F665,1187.2973904099717
F664,12015908.57430,3568437.77689,F665,684.3345697729042,F663,881.1711522326332,F666,949.8115500837151
F665,12015887.98870,3567753.75201,F666,531.7228109448967,F664,684.3345697729042,F663,1187.2973904099717
F666,12015364.76730,3567659.04977,F665,531.7228109448967,F664,949.8115500837151,F663,1666.7794853773516
F667,12017105.14010,3568990.40538,F663,559.3457571896382,F675,716.3237755873764,F676,1134.094865230533
F668,12018497.60650,3568702.62741,F670,778.2144882821443,F669,834.5567338703714,F662,867.5270884190421
F669,12019074.92160,3569305.28172,F670,599.4600670304706,F668,834.5567338703714,F671,913.0805903733707
F670,12018501.74200,3569480.83091,F673,549.2922255427893,F669,599.4600670304706,F668,778.2144882821443
F671,12019484.95230,3570121.11932,F672,727.1867259362187,F669,913.0805903733707,F673,1139.5255054817733
F672,12018805.76470,3570380.93606,F673,587.5147541901532,F671,727.1867259362187,F674,936.2681410608325
F673,12018350.95390,3570009.02112,F674,441.90702242077293,F670,549.2922255427893,F672,587.5147541901532
F674,12017916.28350,3570088.66696,F673,441.90702242077293,F679,791.731498353781,F670,843.9350205445746
F675,12017103.42820,3569706.72711,F676,473.4881070463982,F667,716.3237755873764,F674,898.115687289874
F676,12016824.27190,3570089.17024,F675,473.4881070463982,F677,836.6355525944988,F674,1092.0117159751676
F677,12015988.06560,3570062.37338,F678,538.7858441487227,F676,836.6355525944988,F675,1170.6912482994362
F678,12015813.27760,3570572.01967,F677,538.7858441487227,F683,988.0526037934161,F676,1120.3807596904312
F679,12017703.63430,3570851.30651,F674,791.731498353781,F680,797.0877280045398,F681,935.5304436268608
F680,12017395.46270,3571586.41134,F681,288.414981632333,F689,407.8059533738283,F682,727.2347493140632
F681,12017107.39700,3571572.22141,F680,288.414981632333,F689,485.66126305002024,F682,487.41824230025867
F682,12016730.92600,3571881.81167,F681,487.41824230025867,F689,630.5996208788623,F685,692.7539835706735
F683,12016043.89000,3571532.78284,F684,628.9692981757823,F682,770.6098815014884,F685,968.5630148108933
F684,12015787.03520,3572106.91522,F687,591.1408336959321,F683,628.9692981757823,F685,654.2255625283085
F685,12016341.24240,3572454.57233,F686,510.76058339904995,F684,654.2255625283085,F687,661.3105310514794
F686,12016020.84140,3572852.34057,F687,335.0756711973525,F685,510.76058339904995,F688,734.364172848562
F687,12015725.10880,3572694.80348,F686,335.0756711973525,F684,591.1408336959321,F685,661.3105310514794
F688,12015627.57260,3573472.52634,F686,734.364172848562,F687,783.8151295281076,F685,1243.2035030144789
F689,12017351.84570,3571991.87805,F680,407.8059533738283,F681,485.66126305002024,F690,626.6259371759885
F690,12017617.70900,3572559.30802,F689,626.6259371759885,F691,806.2953564909834,F680,997.9586002528259
F691,12017574.50170,3573364.44486,F690,806.2953564909834,F692,953.4936095082818,F689,1390.5090227146281
F692,12017319.83460,3574283.29998,F693,727.0776195090979,F691,953.4936095082818,F694,1186.5384292833899
F693,12017226.37180,3575004.34545,F692,727.0776195090979,F694,819.2991369331037,F695,999.495341604415
F694,12016407.96080,3575042.48350,F693,819.2991369331037,F692,1186.5384292833899,F695,1414.8969146603065
F695,12017474.13810,3575972.64437,F696,639.1631222431679,F693,999.495341604415,F697,1332.8764456533656
F696,12017490.77550,3576611.59092,F695,639.1631222431679,F699,839.2171462323224,F697,938.6472337051242
F697,12016643.11280,3577014.73677,F699,813.493609380335,F696,938.6472337051242,F698,1240.0528427028603
F698,12017279.99970,3578078.74153,F699,644.5242692857599,F697,1240.0528427028603,F696,1482.2136655319484
F699,12017338.50380,3577436.87799,F698,644.5242692857599,F697,813.493609380335,F696,839.2171462323224
F700,11992839.33560,3498709.25723,F752,18062.452087592552,F701,29921.292974640874,F578,32564.530404683086
F701,11987628.84610,3528173.38071,F752,15844.01650711609,F702,17640.994619589295,F700,29921.292974640874
F702,12005058.87810,3530893.43138,F625,17194.881151055375,F622,17286.865674620632,F624,17582.024478867403
F703,12019784.30870,3519354.49645,F234,2375.444687555551,F235,2456.094630556237,F236,2467.1890965182733
F704,12025112.05160,3519475.92600,F242,434.18433032687193,F705,486.70086910588475,F706,662.0243986811163
F705,12025595.26950,3519417.80374,F706,240.89745959323332,F704,486.70086910588475,F710,644.9136934184378
F706,12025764.26490,3519589.47826,F705,240.89745959323332,F710,404.1377148298968,F704,662.0243986811163
F707,12026604.72220,3520338.05550,F719,580.9855301906072,F717,594.1594154856272,F718,597.5048296375744
F708,12025546.29250,3520417.83192,F709,171.48436871084587,F717,704.1260482932436,F710,753.4074031731571
F709,12025713.10220,3520457.59890,F708,171.48436871084587,F717,539.4780276185612,F710,685.4526694984818
F710,12026059.10160,3519865.88125,F706,404.1377148298968,F705,644.9136934184378,F709,685.4526694984818
F711,12034817.82450,3534488.73751,F768,2672.3008643581716,F656,6506.929306068627,F655,6733.961830207152
F712,12036455.69950,3485960.12492,F19,10963.742659333087,F758,13415.740102686521,F280,21611.435384776607
F713,12029301.12460,3518640.46966,F714,1031.1372231289772,F585,1153.4935075071407,F715,1283.2906587201091
F714,12029868.68150,3519501.35475,F713,1031.1372231289772,F716,1118.0106419813542,F715,1196.1669993915987
F715,12030580.47800,3518540.02170,F716,523.1841271501214,F714,1196.1669993915987,F713,1283.2906587201091
F716,12030859.16280,3518982.80428,F715,523.1841271501214,F714,1118.0106419813542,F713,1595.204069924856
F717,12026170.51310,3520743.62654,F709,539.4780276185612,F707,594.1594154856272,F708,704.1260482932436
F718,12027095.73830,3520678.51873,F719,212.301967619264,F707,597.5048296375744,F720,639.1002825203063
F719,12026934.36420,3520816.46990,F718,212.301967619264,F707,580.9855301906072,F720,634.4400595818053
F720,12027412.30390,3521233.70824,F721,304.3800309637805,F722,563.0151729685456,F730,626.404345168254
F721,12027232.57200,3521479.35768,F720,304.3800309637805,F730,326.33373733702916,F18,576.3242188063881
F722,12027930.97150,3521452.72880,F18,419.59422994709246,F724,458.50479291731835,F723,494.04053909624525
F723,12028307.92020,3521772.08085,F725,316.48403116170664,F724,393.28597179930927,F722,494.04053909624525
F724,12027940.04070,3521911.14389,F725,239.9740153616041,F18,255.5800713061718,F731,364.83666040354484
F725,12028141.61900,3522041.35033,F724,239.9740153616041,F723,316.48403116170664,F732,367.0592774170311
F726,12028855.92140,3521736.48053,F728,391.3203257898277,F727,459.11585578128097,F723,549.1563511290423
F727,12029159.39920,3522080.99264,F728,382.87854273251816,F635,453.9861099757302,F726,459.11585578128097
F728,12028778.52000,3522120.06966,F729,365.7539717427931,F727,382.87854273251816,F726,391.3203257898277
F729,12028472.87170,3522320.95541,F728,365.7539717427931,F733,414.9382718309877,F637,418.37265891168926
F730,12027106.21720,3521780.23668,F721,326.33373733702916,F734,515.7627861103197,F738,576.8822975862306
F731,12027691.49630,3522178.22341,F732,235.13907663009115,F724,364.83666040354484,F18,371.2778354903827
F732,12027888.26720,3522306.95413,F731,235.13907663009115,F725,367.0592774170311,F724,399.1819652627617
F733,12028223.59300,3522652.66899,F636,312.91389128802894,F729,414.9382718309877,F732,481.6244974774679
F734,12027158.64860,3522293.32751,F738,464.1464526807974,F730,515.7627861103197,F731,545.1381707713401
F735,12026794.99280,3522757.77540,F739,391.73623583954713,F737,436.87326188309186,F736,504.36830587452545
F736,12026297.50500,3522840.80116,F737,349.4103522204526,F735,504.36830587452545,F745,538.7589914140405
F737,12026430.10840,3522517.53048,F736,349.4103522204526,F738,423.96880923939864,F735,436.87326188309186
F738,12026705.07600,3522194.81951,F737,423.96880923939864,F734,464.1464526807974,F735,570.091540902218
F739,12027095.49480,3523009.08363,F740,350.2655278490927,F735,391.73623583954713,F741,448.0432897444718
F740,12027436.58210,3522929.42565,F741,324.9831186182761,F739,350.2655278490927,F744,495.63334157166133
F741,12027471.64010,3523252.51227,F742,236.55521000353951,F744,273.5374763465388,F740,324.9831186182761
F742,12027349.24330,3523454.94100,F741,236.55521000353951,F743,391.4809382852438,F744,407.5399083715003
F743,12027663.37820,3523688.55733,F744,370.8162775863675,F742,391.4809382852438,F741,476.3389479585329
F744,12027735.44960,3523324.81233,F741,273.5374763465388,F743,370.8162775863675,F742,407.5399083715003
F745,12026003.31030,3523292.14441,F736,538.7589914140405,F746,812.0172078103517,F737,884.4113063014596
F746,12025851.00260,3524089.74977,F745,812.0172078103517,F736,1326.3623274312422,F742,1627.177731413534
F747,12027876.45060,3526183.30136,F748,514.1557534034447,F749,602.1128683741478,F750,1353.699772474574
F748,12027406.97880,3525973.65316,F749,483.6897868433872,F747,514.1557534034447,F644,1712.8370174558352
F749,12027717.27340,3525602.60994,F748,483.6897868433872,F747,602.1128683741478,F644,1338.3801050423267
F750,12029117.30340,3526724.39969,F646,320.9447736871615,F643,428.8399365928764,F647,616.7228275910261
F751,12029001.26560,3523121.98137,F639,91.91487847005939,F640,284.16839638352116,F638,421.3269266553636
F752,11982184.25000,3513294.22642,F701,15844.01650711609,F700,18062.452087592552,F702,28861.403741630533
F753,12041999.28330,3507587.69190,F281,310.1402127283312,F280,754.7815260935997,F282,780.3148772876657
F754,12012253.44380,3461329.01637,F475,6698.591663281381,F183,7030.065467318602,F182,7240.529622518194
F755,11985081.47120,3448004.74315,F554,10344.579117886069,F553,10874.949849873197,F7,10968.691225552695
F756,11979048.60670,3431243.49157,F252,6697.09727703615,F265,11616.591626355375,F256,15660.558535822527
F757,12061851.70580,3508636.88206,F104,312.891806279623,F103,692.7960100678465,F107,730.1315989617015
F758,12023926.25180,3481164.81233,F712,13415.740102686521,F754,23015.50016774849,F19,23946.429108215925
F759,12042554.41240,3506710.72515,F772,217.98715408310233,F770,310.8511180574104,F280,518.4817808982374
F760,12057023.65480,3507597.52095,F97,488.6001441331516,F233,542.3862936141306,F98,866.8068185464616
F761,12051576.68570,3508681.65657,F762,728.492971887047,F273,780.91868487263,F271,1328.5816607020165
F762,12052304.43230,3508648.68846,F273,204.57353199852733,F276,683.8243000256523,F763,712.2273116301831
F763,12052989.83510,3508455.06319,F276,175.78884295007475,F277,537.6102051590406,F762,712.2273116301831
F764,12053680.40820,3508218.08565,F277,270.4270615483905,F278,693.7299281350585,F763,730.1024317905723
F765,12055779.98730,3507771.50452,F233,735.9474966118618,F279,890.5904989619266,F760,1255.7782977848285
F766,12062611.00060,3501866.78372,F767,771.0106820013249,F49,773.802381574779,F48,1492.0116401282116
F767,12062171.81020,3502500.47865,F766,771.0106820013249,F50,812.087601222057,F40,1193.1716981573845
F768,12032281.31420,3535329.75321,F711,2672.3008643581716,F656,4391.775546830056,F657,4604.7214271874855
F769,12043215.28020,3506693.80491,F771,184.16658991497061,F770,468.82910371505454,F759,661.0843695020238
F770,12042796.85420,3506905.27692,F772,291.2499222442185,F759,310.8511180574104,F771,321.3777773298061
F771,12043112.88180,3506846.87973,F769,184.16658991497061,F770,321.3777773298061,F759,574.8270525916739
F772,12042506.16280,3506923.30543,F759,217.98715408310233,F770,291.2499222442185,F280,463.7435403063046
F773,12042533.71690,3523843.51306,F778,418.8068931456898,F774,542.9262654935443,F779,1142.5265935699447
F774,12042454.40470,3524380.61501,F778,410.0236288429868,F773,542.9262654935443,F789,610.6489991921503
F775,12041805.46800,3525430.20608,F782,452.31420905536163,F777,464.3258499697491,F776,467.00187376915744
F776,12041356.05090,3525303.26113,F777,356.71234647760696,F775,467.00187376915744,F345,907.8990037663428
F777,12041579.03510,3525024.83386,F776,356.71234647760696,F775,464.3258499697491,F789,656.9690291903617
F778,12042802.80760,3524164.43269,F774,410.0236288429868,F773,418.8068931456898,F779,723.8613446900952
F779,12043285.77480,3524703.61534,F784,618.9172659442021,F778,723.8613446900952,F774,891.911125816743
F780,12042518.38690,3526523.40600,F781,433.90355738380117,F786,505.73919286641325,F787,529.8444889847782
F781,12042353.95770,3526121.86480,F785,409.1946603026537,F780,433.90355738380117,F345,494.4110895666967
F782,12042257.78110,3525431.20772,F783,329.2319541176082,F775,452.31420905536163,F789,482.7372262850463
F783,12042584.80960,3525393.18089,F782,329.2319541176082,F784,371.9396821466973,F789,567.3366671153283
F784,12042888.07310,3525177.84307,F783,371.9396821466973,F779,618.9172659442021,F782,679.3096872084185
F785,12042736.42580,3525976.40545,F781,409.1946603026537,F780,588.855299384426,F783,602.6096244581984
F786,12042017.66410,3526594.46097,F780,505.73919286641325,F788,559.7731001359851,F345,560.173544514424
F787,12042972.83810,3526795.81982,F347,467.90720875323984,F780,529.8444889847782,F346,839.4952535335842
F788,12041599.25060,3526222.60607,F345,312.9120872971267,F786,559.7731001359851,F781,761.4010837063378
F789,12042231.63350,3524949.17916,F782,482.7372262850463,F783,567.3366671153283,F774,610.6489991921503
F790,12064651.46200,3506954.67742,F60,527.539190838845,F791,561.155141038228,F316,820.2117810522444
F791,12065212.13910,3506977.83518,F316,454.08436698157,F790,561.155141038228,F315,1009.392544277229
F792,12061072.85830,3505447.31724,F73,296.4652609706885,F74,317.1617170340562,F793,434.44600297979144
F793,12060893.29570,3505051.71567,F73,375.35988626021805,F792,434.44600297979144,F20,488.98976068710164
F794,12061033.03420,3506192.19436,F74,459.14549200559304,F792,745.940937903819,F73,1012.1848834050813
F795,12056385.86800,3510628.21797,F230,148.25740531055712,F229,325.45800943413485,F796,337.52991730847515
F796,12056137.17560,3510856.42519,F228,323.61642691561724,F795,337.52991730847515,F229,405.09799138111714